utterance	intent
挂失	LOSS_GUIDE
挂失？	LOSS_GUIDE
挂失怎么办	LOSS_GUIDE
请问挂失	LOSS_GUIDE
请问挂失？	LOSS_GUIDE
请问挂失怎么办	LOSS_GUIDE
麻烦挂失	LOSS_GUIDE
麻烦挂失？	LOSS_GUIDE
麻烦挂失怎么办	LOSS_GUIDE
我想挂失	LOSS_GUIDE
我想挂失？	LOSS_GUIDE
我想挂失怎么办	LOSS_GUIDE
我要挂失	LOSS_GUIDE
我要挂失？	LOSS_GUIDE
我要挂失怎么办	LOSS_GUIDE
请问我要挂失	LOSS_GUIDE
请问我要挂失？	LOSS_GUIDE
请问我要挂失怎么办	LOSS_GUIDE
麻烦我要挂失	LOSS_GUIDE
麻烦我要挂失？	LOSS_GUIDE
麻烦我要挂失怎么办	LOSS_GUIDE
我想我要挂失	LOSS_GUIDE
我想我要挂失？	LOSS_GUIDE
我想我要挂失怎么办	LOSS_GUIDE
帮我挂失	LOSS_GUIDE
帮我挂失？	LOSS_GUIDE
帮我挂失怎么办	LOSS_GUIDE
请问帮我挂失	LOSS_GUIDE
请问帮我挂失？	LOSS_GUIDE
请问帮我挂失怎么办	LOSS_GUIDE
麻烦帮我挂失	LOSS_GUIDE
麻烦帮我挂失？	LOSS_GUIDE
麻烦帮我挂失怎么办	LOSS_GUIDE
我想帮我挂失	LOSS_GUIDE
我想帮我挂失？	LOSS_GUIDE
我想帮我挂失怎么办	LOSS_GUIDE
办理挂失	LOSS_GUIDE
办理挂失？	LOSS_GUIDE
办理挂失怎么办	LOSS_GUIDE
请问办理挂失	LOSS_GUIDE
请问办理挂失？	LOSS_GUIDE
请问办理挂失怎么办	LOSS_GUIDE
麻烦办理挂失	LOSS_GUIDE
麻烦办理挂失？	LOSS_GUIDE
麻烦办理挂失怎么办	LOSS_GUIDE
我想办理挂失	LOSS_GUIDE
我想办理挂失？	LOSS_GUIDE
我想办理挂失怎么办	LOSS_GUIDE
申请挂失	LOSS_GUIDE
申请挂失？	LOSS_GUIDE
申请挂失怎么办	LOSS_GUIDE
请问申请挂失	LOSS_GUIDE
请问申请挂失？	LOSS_GUIDE
请问申请挂失怎么办	LOSS_GUIDE
麻烦申请挂失	LOSS_GUIDE
麻烦申请挂失？	LOSS_GUIDE
麻烦申请挂失怎么办	LOSS_GUIDE
我想申请挂失	LOSS_GUIDE
我想申请挂失？	LOSS_GUIDE
我想申请挂失怎么办	LOSS_GUIDE
怎么挂失	LOSS_GUIDE
怎么挂失？	LOSS_GUIDE
怎么挂失怎么办	LOSS_GUIDE
请问怎么挂失	LOSS_GUIDE
请问怎么挂失？	LOSS_GUIDE
请问怎么挂失怎么办	LOSS_GUIDE
麻烦怎么挂失	LOSS_GUIDE
麻烦怎么挂失？	LOSS_GUIDE
麻烦怎么挂失怎么办	LOSS_GUIDE
我想怎么挂失	LOSS_GUIDE
我想怎么挂失？	LOSS_GUIDE
我想怎么挂失怎么办	LOSS_GUIDE
如何挂失	LOSS_GUIDE
如何挂失？	LOSS_GUIDE
如何挂失怎么办	LOSS_GUIDE
请问如何挂失	LOSS_GUIDE
请问如何挂失？	LOSS_GUIDE
请问如何挂失怎么办	LOSS_GUIDE
麻烦如何挂失	LOSS_GUIDE
麻烦如何挂失？	LOSS_GUIDE
麻烦如何挂失怎么办	LOSS_GUIDE
我想如何挂失	LOSS_GUIDE
我想如何挂失？	LOSS_GUIDE
我想如何挂失怎么办	LOSS_GUIDE
挂失流程	LOSS_GUIDE
挂失流程？	LOSS_GUIDE
挂失流程怎么办	LOSS_GUIDE
请问挂失流程	LOSS_GUIDE
请问挂失流程？	LOSS_GUIDE
请问挂失流程怎么办	LOSS_GUIDE
麻烦挂失流程	LOSS_GUIDE
麻烦挂失流程？	LOSS_GUIDE
麻烦挂失流程怎么办	LOSS_GUIDE
我想挂失流程	LOSS_GUIDE
我想挂失流程？	LOSS_GUIDE
我想挂失流程怎么办	LOSS_GUIDE
挂失指引	LOSS_GUIDE
挂失指引？	LOSS_GUIDE
挂失指引怎么办	LOSS_GUIDE
请问挂失指引	LOSS_GUIDE
请问挂失指引？	LOSS_GUIDE
请问挂失指引怎么办	LOSS_GUIDE
麻烦挂失指引	LOSS_GUIDE
麻烦挂失指引？	LOSS_GUIDE
麻烦挂失指引怎么办	LOSS_GUIDE
我想挂失指引	LOSS_GUIDE
我想挂失指引？	LOSS_GUIDE
我想挂失指引怎么办	LOSS_GUIDE
借记卡挂失	LOSS_GUIDE
借记卡挂失？	LOSS_GUIDE
借记卡挂失怎么办	LOSS_GUIDE
请问借记卡挂失	LOSS_GUIDE
请问借记卡挂失？	LOSS_GUIDE
请问借记卡挂失怎么办	LOSS_GUIDE
麻烦借记卡挂失	LOSS_GUIDE
麻烦借记卡挂失？	LOSS_GUIDE
麻烦借记卡挂失怎么办	LOSS_GUIDE
我想借记卡挂失	LOSS_GUIDE
我想借记卡挂失？	LOSS_GUIDE
我想借记卡挂失怎么办	LOSS_GUIDE
银行卡挂失	LOSS_GUIDE
银行卡挂失？	LOSS_GUIDE
银行卡挂失怎么办	LOSS_GUIDE
请问银行卡挂失	LOSS_GUIDE
请问银行卡挂失？	LOSS_GUIDE
请问银行卡挂失怎么办	LOSS_GUIDE
麻烦银行卡挂失	LOSS_GUIDE
麻烦银行卡挂失？	LOSS_GUIDE
麻烦银行卡挂失怎么办	LOSS_GUIDE
我想银行卡挂失	LOSS_GUIDE
我想银行卡挂失？	LOSS_GUIDE
我想银行卡挂失怎么办	LOSS_GUIDE
卡片挂失	LOSS_GUIDE
卡片挂失？	LOSS_GUIDE
卡片挂失怎么办	LOSS_GUIDE
请问卡片挂失	LOSS_GUIDE
请问卡片挂失？	LOSS_GUIDE
请问卡片挂失怎么办	LOSS_GUIDE
麻烦卡片挂失	LOSS_GUIDE
麻烦卡片挂失？	LOSS_GUIDE
麻烦卡片挂失怎么办	LOSS_GUIDE
我想卡片挂失	LOSS_GUIDE
我想卡片挂失？	LOSS_GUIDE
我想卡片挂失怎么办	LOSS_GUIDE
挂失借记卡	LOSS_GUIDE
挂失借记卡？	LOSS_GUIDE
挂失借记卡怎么办	LOSS_GUIDE
请问挂失借记卡	LOSS_GUIDE
请问挂失借记卡？	LOSS_GUIDE
请问挂失借记卡怎么办	LOSS_GUIDE
麻烦挂失借记卡	LOSS_GUIDE
麻烦挂失借记卡？	LOSS_GUIDE
麻烦挂失借记卡怎么办	LOSS_GUIDE
我想挂失借记卡	LOSS_GUIDE
我想挂失借记卡？	LOSS_GUIDE
我想挂失借记卡怎么办	LOSS_GUIDE
挂失银行卡	LOSS_GUIDE
挂失银行卡？	LOSS_GUIDE
挂失银行卡怎么办	LOSS_GUIDE
请问挂失银行卡	LOSS_GUIDE
请问挂失银行卡？	LOSS_GUIDE
请问挂失银行卡怎么办	LOSS_GUIDE
麻烦挂失银行卡	LOSS_GUIDE
麻烦挂失银行卡？	LOSS_GUIDE
麻烦挂失银行卡怎么办	LOSS_GUIDE
我想挂失银行卡	LOSS_GUIDE
我想挂失银行卡？	LOSS_GUIDE
我想挂失银行卡怎么办	LOSS_GUIDE
口头挂失	LOSS_GUIDE
口头挂失？	LOSS_GUIDE
口头挂失怎么办	LOSS_GUIDE
请问口头挂失	LOSS_GUIDE
请问口头挂失？	LOSS_GUIDE
请问口头挂失怎么办	LOSS_GUIDE
麻烦口头挂失	LOSS_GUIDE
麻烦口头挂失？	LOSS_GUIDE
麻烦口头挂失怎么办	LOSS_GUIDE
我想口头挂失	LOSS_GUIDE
我想口头挂失？	LOSS_GUIDE
我想口头挂失怎么办	LOSS_GUIDE
临时挂失	LOSS_GUIDE
临时挂失？	LOSS_GUIDE
临时挂失怎么办	LOSS_GUIDE
请问临时挂失	LOSS_GUIDE
请问临时挂失？	LOSS_GUIDE
请问临时挂失怎么办	LOSS_GUIDE
麻烦临时挂失	LOSS_GUIDE
麻烦临时挂失？	LOSS_GUIDE
麻烦临时挂失怎么办	LOSS_GUIDE
我想临时挂失	LOSS_GUIDE
我想临时挂失？	LOSS_GUIDE
我想临时挂失怎么办	LOSS_GUIDE
卡丢了	LOSS_GUIDE
卡丢了？	LOSS_GUIDE
卡丢了怎么办	LOSS_GUIDE
请问卡丢了	LOSS_GUIDE
请问卡丢了？	LOSS_GUIDE
请问卡丢了怎么办	LOSS_GUIDE
麻烦卡丢了	LOSS_GUIDE
麻烦卡丢了？	LOSS_GUIDE
麻烦卡丢了怎么办	LOSS_GUIDE
我想卡丢了	LOSS_GUIDE
我想卡丢了？	LOSS_GUIDE
我想卡丢了怎么办	LOSS_GUIDE
卡不见了	LOSS_GUIDE
卡不见了？	LOSS_GUIDE
卡不见了怎么办	LOSS_GUIDE
请问卡不见了	LOSS_GUIDE
请问卡不见了？	LOSS_GUIDE
请问卡不见了怎么办	LOSS_GUIDE
麻烦卡不见了	LOSS_GUIDE
麻烦卡不见了？	LOSS_GUIDE
麻烦卡不见了怎么办	LOSS_GUIDE
我想卡不见了	LOSS_GUIDE
我想卡不见了？	LOSS_GUIDE
我想卡不见了怎么办	LOSS_GUIDE
卡找不到了	LOSS_GUIDE
卡找不到了？	LOSS_GUIDE
卡找不到了怎么办	LOSS_GUIDE
请问卡找不到了	LOSS_GUIDE
请问卡找不到了？	LOSS_GUIDE
请问卡找不到了怎么办	LOSS_GUIDE
麻烦卡找不到了	LOSS_GUIDE
麻烦卡找不到了？	LOSS_GUIDE
麻烦卡找不到了怎么办	LOSS_GUIDE
我想卡找不到了	LOSS_GUIDE
我想卡找不到了？	LOSS_GUIDE
我想卡找不到了怎么办	LOSS_GUIDE
卡片丢了	LOSS_GUIDE
卡片丢了？	LOSS_GUIDE
卡片丢了怎么办	LOSS_GUIDE
请问卡片丢了	LOSS_GUIDE
请问卡片丢了？	LOSS_GUIDE
请问卡片丢了怎么办	LOSS_GUIDE
麻烦卡片丢了	LOSS_GUIDE
麻烦卡片丢了？	LOSS_GUIDE
麻烦卡片丢了怎么办	LOSS_GUIDE
我想卡片丢了	LOSS_GUIDE
我想卡片丢了？	LOSS_GUIDE
我想卡片丢了怎么办	LOSS_GUIDE
卡片丢失	LOSS_GUIDE
卡片丢失？	LOSS_GUIDE
卡片丢失怎么办	LOSS_GUIDE
请问卡片丢失	LOSS_GUIDE
请问卡片丢失？	LOSS_GUIDE
请问卡片丢失怎么办	LOSS_GUIDE
麻烦卡片丢失	LOSS_GUIDE
麻烦卡片丢失？	LOSS_GUIDE
麻烦卡片丢失怎么办	LOSS_GUIDE
我想卡片丢失	LOSS_GUIDE
我想卡片丢失？	LOSS_GUIDE
我想卡片丢失怎么办	LOSS_GUIDE
遗失银行卡	LOSS_GUIDE
遗失银行卡？	LOSS_GUIDE
遗失银行卡怎么办	LOSS_GUIDE
请问遗失银行卡	LOSS_GUIDE
请问遗失银行卡？	LOSS_GUIDE
请问遗失银行卡怎么办	LOSS_GUIDE
麻烦遗失银行卡	LOSS_GUIDE
麻烦遗失银行卡？	LOSS_GUIDE
麻烦遗失银行卡怎么办	LOSS_GUIDE
我想遗失银行卡	LOSS_GUIDE
我想遗失银行卡？	LOSS_GUIDE
我想遗失银行卡怎么办	LOSS_GUIDE
遗失借记卡	LOSS_GUIDE
遗失借记卡？	LOSS_GUIDE
遗失借记卡怎么办	LOSS_GUIDE
请问遗失借记卡	LOSS_GUIDE
请问遗失借记卡？	LOSS_GUIDE
请问遗失借记卡怎么办	LOSS_GUIDE
麻烦遗失借记卡	LOSS_GUIDE
麻烦遗失借记卡？	LOSS_GUIDE
麻烦遗失借记卡怎么办	LOSS_GUIDE
我想遗失借记卡	LOSS_GUIDE
我想遗失借记卡？	LOSS_GUIDE
我想遗失借记卡怎么办	LOSS_GUIDE
丢失银行卡	LOSS_GUIDE
丢失银行卡？	LOSS_GUIDE
丢失银行卡怎么办	LOSS_GUIDE
请问丢失银行卡	LOSS_GUIDE
请问丢失银行卡？	LOSS_GUIDE
请问丢失银行卡怎么办	LOSS_GUIDE
麻烦丢失银行卡	LOSS_GUIDE
麻烦丢失银行卡？	LOSS_GUIDE
麻烦丢失银行卡怎么办	LOSS_GUIDE
我想丢失银行卡	LOSS_GUIDE
我想丢失银行卡？	LOSS_GUIDE
我想丢失银行卡怎么办	LOSS_GUIDE
请问请问借记卡挂失	LOSS_GUIDE
请问请问借记卡挂失？	LOSS_GUIDE
请问请问借记卡挂失怎么办	LOSS_GUIDE
麻烦请问借记卡挂失	LOSS_GUIDE
麻烦请问借记卡挂失？	LOSS_GUIDE
麻烦请问借记卡挂失怎么办	LOSS_GUIDE
我想请问借记卡挂失	LOSS_GUIDE
我想请问借记卡挂失？	LOSS_GUIDE
我想请问借记卡挂失怎么办	LOSS_GUIDE
你好我想挂失	LOSS_GUIDE
你好我想挂失？	LOSS_GUIDE
你好我想挂失怎么办	LOSS_GUIDE
请问你好我想挂失	LOSS_GUIDE
请问你好我想挂失？	LOSS_GUIDE
请问你好我想挂失怎么办	LOSS_GUIDE
麻烦你好我想挂失	LOSS_GUIDE
麻烦你好我想挂失？	LOSS_GUIDE
麻烦你好我想挂失怎么办	LOSS_GUIDE
我想你好我想挂失	LOSS_GUIDE
我想你好我想挂失？	LOSS_GUIDE
我想你好我想挂失怎么办	LOSS_GUIDE
急卡丢了要挂失	LOSS_GUIDE
急卡丢了要挂失？	LOSS_GUIDE
急卡丢了要挂失怎么办	LOSS_GUIDE
请问急卡丢了要挂失	LOSS_GUIDE
请问急卡丢了要挂失？	LOSS_GUIDE
请问急卡丢了要挂失怎么办	LOSS_GUIDE
麻烦急卡丢了要挂失	LOSS_GUIDE
麻烦急卡丢了要挂失？	LOSS_GUIDE
麻烦急卡丢了要挂失怎么办	LOSS_GUIDE
我想急卡丢了要挂失	LOSS_GUIDE
我想急卡丢了要挂失？	LOSS_GUIDE
我想急卡丢了要挂失怎么办	LOSS_GUIDE
客服帮我挂失	LOSS_GUIDE
客服帮我挂失？	LOSS_GUIDE
客服帮我挂失怎么办	LOSS_GUIDE
请问客服帮我挂失	LOSS_GUIDE
请问客服帮我挂失？	LOSS_GUIDE
请问客服帮我挂失怎么办	LOSS_GUIDE
麻烦客服帮我挂失	LOSS_GUIDE
麻烦客服帮我挂失？	LOSS_GUIDE
麻烦客服帮我挂失怎么办	LOSS_GUIDE
我想客服帮我挂失	LOSS_GUIDE
我想客服帮我挂失？	LOSS_GUIDE
我想客服帮我挂失怎么办	LOSS_GUIDE
借记卡挂失怎么办理	LOSS_GUIDE
借记卡挂失怎么办理？	LOSS_GUIDE
借记卡挂失怎么办理怎么办	LOSS_GUIDE
请问借记卡挂失怎么办理	LOSS_GUIDE
请问借记卡挂失怎么办理？	LOSS_GUIDE
请问借记卡挂失怎么办理怎么办	LOSS_GUIDE
麻烦借记卡挂失怎么办理	LOSS_GUIDE
麻烦借记卡挂失怎么办理？	LOSS_GUIDE
麻烦借记卡挂失怎么办理怎么办	LOSS_GUIDE
我想借记卡挂失怎么办理	LOSS_GUIDE
我想借记卡挂失怎么办理？	LOSS_GUIDE
我想借记卡挂失怎么办理怎么办	LOSS_GUIDE
银行卡丢了要挂失	LOSS_GUIDE
银行卡丢了要挂失？	LOSS_GUIDE
银行卡丢了要挂失怎么办	LOSS_GUIDE
请问银行卡丢了要挂失	LOSS_GUIDE
请问银行卡丢了要挂失？	LOSS_GUIDE
请问银行卡丢了要挂失怎么办	LOSS_GUIDE
麻烦银行卡丢了要挂失	LOSS_GUIDE
麻烦银行卡丢了要挂失？	LOSS_GUIDE
麻烦银行卡丢了要挂失怎么办	LOSS_GUIDE
我想银行卡丢了要挂失	LOSS_GUIDE
我想银行卡丢了要挂失？	LOSS_GUIDE
我想银行卡丢了要挂失怎么办	LOSS_GUIDE
借记卡不见了如何挂失	LOSS_GUIDE
借记卡不见了如何挂失？	LOSS_GUIDE
借记卡不见了如何挂失怎么办	LOSS_GUIDE
请问借记卡不见了如何挂失	LOSS_GUIDE
请问借记卡不见了如何挂失？	LOSS_GUIDE
请问借记卡不见了如何挂失怎么办	LOSS_GUIDE
麻烦借记卡不见了如何挂失	LOSS_GUIDE
麻烦借记卡不见了如何挂失？	LOSS_GUIDE
麻烦借记卡不见了如何挂失怎么办	LOSS_GUIDE
我想借记卡不见了如何挂失	LOSS_GUIDE
我想借记卡不见了如何挂失？	LOSS_GUIDE
我想借记卡不见了如何挂失怎么办	LOSS_GUIDE
帮忙挂失借记卡	LOSS_GUIDE
帮忙挂失借记卡？	LOSS_GUIDE
帮忙挂失借记卡怎么办	LOSS_GUIDE
请问帮忙挂失借记卡	LOSS_GUIDE
请问帮忙挂失借记卡？	LOSS_GUIDE
请问帮忙挂失借记卡怎么办	LOSS_GUIDE
麻烦帮忙挂失借记卡	LOSS_GUIDE
麻烦帮忙挂失借记卡？	LOSS_GUIDE
麻烦帮忙挂失借记卡怎么办	LOSS_GUIDE
我想帮忙挂失借记卡	LOSS_GUIDE
我想帮忙挂失借记卡？	LOSS_GUIDE
我想帮忙挂失借记卡怎么办	LOSS_GUIDE
申请口头挂失指引	LOSS_GUIDE
申请口头挂失指引？	LOSS_GUIDE
申请口头挂失指引怎么办	LOSS_GUIDE
请问申请口头挂失指引	LOSS_GUIDE
请问申请口头挂失指引？	LOSS_GUIDE
请问申请口头挂失指引怎么办	LOSS_GUIDE
麻烦申请口头挂失指引	LOSS_GUIDE
麻烦申请口头挂失指引？	LOSS_GUIDE
麻烦申请口头挂失指引怎么办	LOSS_GUIDE
我想申请口头挂失指引	LOSS_GUIDE
我想申请口头挂失指引？	LOSS_GUIDE
我想申请口头挂失指引怎么办	LOSS_GUIDE
挂失怎么办理	LOSS_GUIDE
挂失怎么办理？	LOSS_GUIDE
挂失怎么办理怎么办	LOSS_GUIDE
请问挂失怎么办理	LOSS_GUIDE
请问挂失怎么办理？	LOSS_GUIDE
请问挂失怎么办理怎么办	LOSS_GUIDE
麻烦挂失怎么办理	LOSS_GUIDE
麻烦挂失怎么办理？	LOSS_GUIDE
麻烦挂失怎么办理怎么办	LOSS_GUIDE
我想挂失怎么办理	LOSS_GUIDE
我想挂失怎么办理？	LOSS_GUIDE
我想挂失怎么办理怎么办	LOSS_GUIDE
投诉	COMPLAINT
我要投诉	COMPLAINT
投诉客服	COMPLAINT
投诉你们	COMPLAINT
正式投诉	COMPLAINT
我要投诉你们	COMPLAINT
你好我要投诉	COMPLAINT
客服投诉	COMPLAINT
